<dependencies>
    <!-- Hibernate Core -->
    <dependency>
        <groupId>org.hibernate</groupId>
        <artifactId>hibernate-core</artifactId>
        <version>5.6.1.Final</version>
    </dependency>

    <!-- Hibernate c3p0 connection pool -->
    <dependency>
        <groupId>org.hibernate</groupId>
        <artifactId>hibernate-c3p0</artifactId>
        <version>5.6.1.Final</version>
    </dependency>

    <!-- MySQL Connector -->
    <dependency>
        <groupId>mysql</groupId>
        <artifactId>mysql-connector-java</artifactId>
        <version>8.0.27</version>
    </dependency>

    <!-- BCrypt -->
    <dependency>
        <groupId>org.mindrot</groupId>
        <artifactId>jbcrypt</artifactId>
        <version>0.4</version>
    </dependency>
</dependencies>
