<?xml version="1.0" encoding="UTF-8"?>
<web-app xmlns:xsi="http://www.w3.org/2001/XMLSchema-instance" xmlns="http://xmlns.jcp.org/xml/ns/javaee" xsi:schemaLocation="http://xmlns.jcp.org/xml/ns/javaee http://xmlns.jcp.org/xml/ns/javaee/web-app_3_1.xsd" id="WebApp_ID" version="3.1">
  <!-- Other configurations may be present here -->

  <servlet>
    <servlet-name>ServletRequeststud</servlet-name>
    <servlet-class>main.service.ServletRequeststud</servlet-class>
    <multipart-config>
        <location>/tmp</location>
        <max-file-size>20848820</max-file-size> <!-- 20MB in bytes -->
        <max-request-size>418018841</max-request-size> <!-- 200MB in bytes -->
        <file-size-threshold>1048576</file-size-threshold> <!-- 1MB in bytes -->
    </multipart-config>
  </servlet>
  <servlet-mapping>
    <servlet-name>ServletRequeststud</servlet-name>
    <url-pattern>/ServletRequeststud</url-pattern>
  </servlet-mapping>

  <!-- Other configurations may be present here -->
</web-app>
